{"data":{"Year":[2007,2008,2009,2010,2011,2012,2013,2014,2015,2016,2017],"Units":["%","%","%","%","%","%","%","%","%","%","%"],"Disaggregation":[null,null,null,null,null,null,null,null,null,null,null],"Region":[null,null,null,null,null,null,null,null,null,null,null],"GeoCode":[null,null,null,null,null,null,null,null,null,null,null],"Value":[39.64080996,40.28326511,41.65580876,41.97024177,42.60886936,42.48951939,42.31301713,41.69915612,42.3,42.09083129,41.6]},"edges":[]}