{"data":{"Year":[2004,2005,2006,2007,2008,2009,2010,2011,2012,2013,2014,2015,2016,2017,2018],"Units":["%","%","%","%","%","%","%","%","%","%","%","%","%","%","%"],"Total":["Total","Total","Total","Total","Total","Total","Total","Total","Total","Total","Total","Total","Total","Total","Total"],"Value":[61.55033,65.80888,80.92515,80.92515,80.92515,80.92515,80.92515,84.98806,95.69032,95.69032,95.69032,95.69032,95.69032,95.69032,95.69032]},"edges":[]}