{"data":{"Year":[2013,2013,2013,2013,2014,2014,2014,2014,2015,2015,2015,2015,2016,2016,2016,2016,2017,2017,2017,2017],"Units":["%","%","%","%","%","%","%","%","%","%","%","%","%","%","%","%","%","%","%","%"],"Disaggregation":["Total Revenue per Fiscal GDP","Tax Revenue per Fiscal GDP","Total Revenue per Annual GDP","Tax Revenue per Annual GDP","Total Revenue per Fiscal GDP","Tax Revenue per Fiscal GDP","Total Revenue per Annual GDP","Tax Revenue per Annual GDP","Total Revenue per Fiscal GDP","Tax Revenue per Fiscal GDP","Total Revenue per Annual GDP","Tax Revenue per Annual GDP","Total Revenue per Fiscal GDP","Tax Revenue per Fiscal GDP","Total Revenue per Annual GDP","Tax Revenue per Annual GDP","Total Revenue per Fiscal GDP","Tax Revenue per Fiscal GDP","Total Revenue per Annual GDP","Tax Revenue per Annual GDP"],"Value":[33.05517214,30.68659542,34.13007362,31.68447456,35.42662939,33.23210966,35.98293493,33.75395458,34.51980884,32.42458589,34.70013259,32.59396467,30.98576963,29.02239333,30.64045878,28.69896269,34.19744897,31.76570537,32.54007364,30.22618421]},"edges":[]}