{"data":{"Year":[2007,2008,2009,2010,2011,2012,2013,2014,2015,2016,2017],"Units":["%","%","%","%","%","%","%","%","%","%","%"],"Total":["Total","Total","Total","Total","Total","Total","Total","Total","Total","Total","Total"],"Value":[21.28834256,21.12935203,22.13816577,23.3320016,24.96670662,22.32744423,23.68232458,23.86947529,23.05124498,21.98404185,21.87933917]},"edges":[]}