{"data":{"Year":[2004,2005,2006,2007,2008,2009,2010,2011,2012,2013,2014,2015,2016],"Units":["Mio Constant USD 2016","Mio Constant USD 2016","Mio Constant USD 2016","Mio Constant USD 2016","Mio Constant USD 2016","Mio Constant USD 2016","Mio Constant USD 2016","Mio Constant USD 2016","Mio Constant USD 2016","Mio Constant USD 2016","Mio Constant USD 2016","Mio Constant USD 2016","Mio Constant USD 2016"],"Disaggregation":[null,null,null,null,null,null,null,null,null,null,null,null,null],"Region":[null,null,null,null,null,null,null,null,null,null,null,null,null],"GeoCode":[null,null,null,null,null,null,null,null,null,null,null,null,null],"Value":[33.3656,29.327,26.72485,23.55606,21.20586,17.6994,21.53013,29.13807,44.02444,43.33488,46.90032,26.43787,17.07539]},"edges":[]}