{"data":{"Year":[2006,2006,2007,2007,2007,2008,2008,2008,2009,2009,2009,2010,2010,2010,2011,2011,2011,2012,2012,2012,2013,2013,2013,2014,2014,2014,2015,2015,2015,2016,2016,2016,2017,2017,2017],"Units":["t/ha","t/ha","t/ha","t/ha","t/ha","t/ha","t/ha","t/ha","t/ha","t/ha","t/ha","t/ha","t/ha","t/ha","t/ha","t/ha","t/ha","t/ha","t/ha","t/ha","t/ha","t/ha","t/ha","t/ha","t/ha","t/ha","t/ha","t/ha","t/ha","t/ha","t/ha","t/ha","t/ha","t/ha","t/ha"],"Disaggregation":["White Maize","Wheat","Millet","White Maize","Wheat","Millet","White Maize","Wheat","Millet","White Maize","Wheat","Millet","White Maize","Wheat","Millet","White Maize","Wheat","Millet","White Maize","Wheat","Millet","White Maize","Wheat","Millet","White Maize","Wheat","Millet","White Maize","Wheat","Millet","White Maize","Wheat","Millet","White Maize","Wheat"],"Region":[null,null,null,null,null,null,null,null,null,null,null,null,null,null,null,null,null,null,null,null,null,null,null,null,null,null,null,null,null,null,null,null,null,null,null],"GeoCode":[null,null,null,null,null,null,null,null,null,null,null,null,null,null,null,null,null,null,null,null,null,null,null,null,null,null,null,null,null,null,null,null,null,null,null],"Value":[3.5260689874,5.3334702259,0.2281968088,3.993406264,5.7640449438,0.1907227292,3.6992045078,5.1342338539,0.1447261722,4.4679646018,4.2523774689,0.2770878398,3.8051589129,6.7213822894,0.1522935508,3.0278409091,4.818334031,0.2189065827,4.5666066931,5.5852059925,0.107627403,5.0619846261,6.4040622299,0.1734229633,2.8952700293,5.1464968153,0.1305086293,5.8169939816,5.7086614173,0.0928045057,2.6911103424,5.4939817044,0.2154406622,3.8466520788,5.3613537118]},"edges":[]}