{"data":{"Year":[2015,2015,2015,2021,2021,2021],"Units":["per 100 000","per 100 000","per 100 000","per 100 000","per 100 000","per 100 000"],"Disaggregation":["Doctors","Registered Nurses","Pharmacists",null,null,null],"NDP 5 Target":[null,null,null,"NDP Target Doctors","NDP Target Nurses","NDP Target Pharmacists"],"Value":[40.2,304.8,24.4,61.53846154,350.877193,38.95597974]},"edges":[]}