{"data":{"Year":[2004,2005,2006,2007,2008,2009,2010,2011,2012,2012,2012,2013,2014,2015],"Units":["kg/USD","kg/USD","kg/USD","kg/USD","kg/USD","kg/USD","kg/USD","kg/USD","kg/USD","Gg","Gg","kg/USD","kg/USD","kg/USD"],"Disaggregation":["CO2 / GDP","CO2 / GDP","CO2 / GDP","CO2 / GDP","CO2 / GDP","CO2 / GDP","CO2 / GDP","CO2 / GDP","CO2 / GDP","Total Emissions","Net Emissions","CO2 / GDP","CO2 / GDP","CO2 / GDP"],"Value":[0.16578,0.1724,0.16134,0.15674,0.17223,0.17534,0.17045,0.16507,0.1628,30692.0,5240.0,0.16348,0.16063,0.16226]},"edges":[]}