{"data":{"Year":[2004,2005,2006,2007,2008,2009,2010,2011,2012,2013,2014,2015],"Units":["-","-","-","-","-","-","-","-","-","-","-","-"],"Disaggregation":["CO2 kg/GDP USD","CO2 kg/GDP USD","CO2 kg/GDP USD","CO2 kg/GDP USD","CO2 kg/GDP USD","CO2 kg/GDP USD","CO2 kg/GDP USD","CO2 kg/GDP USD","CO2 kg/GDP USD","CO2 kg/GDP USD","CO2 kg/GDP USD","CO2 kg/GDP USD"],"Value":[0.16578,0.1724,0.16134,0.15674,0.17223,0.17534,0.17045,0.16507,0.1628,0.16348,0.16063,0.16226]},"edges":[]}