{"data":{"Year":[2004,2005,2006,2007,2008,2009,2010,2011,2012,2013,2014,2015],"Units":["%","%","%","%","%","%","%","%","%","%","%","%"],"Disaggregation":[null,null,null,null,null,null,null,null,null,null,null,null],"Region":[null,null,null,null,null,null,null,null,null,null,null,null],"GeoCode":[null,null,null,null,null,null,null,null,null,null,null,null],"Value":[6.70158,6.70158,6.70158,6.70158,7.8691,7.08091,7.45197,7.44534,7.88363,7.28755,7.34891,7.34891]},"edges":[]}