Year,Units,Value
2013,%,33.0
2014,%,35.42662939
2017,%,33.0
2015,%,34.8
2016,%,30.98576963
