Year,Units,Value
2006,%,86.97638604
2007,%,89.88344071
2008,%,90.80652904
2009,%,92.31730458
2010,%,93.65712215
2011,%,94.37475585
2012,%,93.08191403
2015,%,87.6
2016,%,86.9
2017,%,87.2
