Year,Units,Disaggregation,Region,GeoCode,Value
2007,%,,,,39.64080996
2008,%,,,,40.28326511
2009,%,,,,41.65580876
2010,%,,,,41.97024177
2011,%,,,,42.60886936
2012,%,,,,42.48951939
2013,%,,,,42.31301713
2014,%,,,,41.69915612
2015,%,,,,42.3
2016,%,,,,42.09083129
2017,%,,,,41.6
