Year,Units,Disaggregation,Region,GeoCode,Value
2004,score,,,,0.96764
2005,score,,,,0.9524100000000001
2006,score,,,,0.96715
2007,score,,,,0.9509299999999999
2008,score,,,,0.96696
2009,score,,,,0.94975
2010,score,,,,0.9491200000000001
2011,score,,,,0.9665600000000001
2012,score,,,,0.96841
2013,score,,,,0.96647
2014,score,,,,0.96903
2015,score,,,,0.96644
2016,score,,,,0.97011
2017,score,,,,0.9455100000000001
2018,score,,,,0.9706799999999999
