{"Year":[2006,2006,2007,2007,2007,2008,2008,2008,2009,2009,2009,2010,2010,2010,2011,2011,2011,2012,2012,2012,2013,2013,2013,2014,2014,2014,2015,2015,2015,2016,2016,2016,2017,2017,2017],"Units":["t/ha","t/ha","t/ha","t/ha","t/ha","t/ha","t/ha","t/ha","t/ha","t/ha","t/ha","t/ha","t/ha","t/ha","t/ha","t/ha","t/ha","t/ha","t/ha","t/ha","t/ha","t/ha","t/ha","t/ha","t/ha","t/ha","t/ha","t/ha","t/ha","t/ha","t/ha","t/ha","t/ha","t/ha","t/ha"],"Disaggregation":["White Maize","Wheat","Millet","White Maize","Wheat","Millet","White Maize","Wheat","Millet","White Maize","Wheat","Millet","White Maize","Wheat","Millet","White Maize","Wheat","Millet","White Maize","Wheat","Millet","White Maize","Wheat","Millet","White Maize","Wheat","Millet","White Maize","Wheat","Millet","White Maize","Wheat","Millet","White Maize","Wheat"],"Value":[3.526068987,5.333470226,0.228196809,3.993406264,5.764044944,0.190722729,3.699204508,5.134233854,0.144726172,4.467964602,4.252377469,0.27708784,3.805158913,6.721382289,0.152293551,3.027840909,4.818334031,0.218906583,4.566606693,5.585205993,0.107627403,5.061984626,6.40406223,0.173422963,2.895270029,5.146496815,0.130508629,5.816993982,5.708661417,0.0928,2.691110342,5.493981704,0.215440662,3.846652079,5.361353712]}