Year,Units,Disaggregation,Region,GeoCode,Value
2004,per 100 000,,,,935.0
2005,per 100 000,,,,918.0
2006,per 100 000,,,,892.0
2007,per 100 000,,,,833.0
2008,per 100 000,,,,798.0
2009,per 100 000,,,,701.0
2010,per 100 000,,,,649.0
2011,per 100 000,,,,610.0
2012,per 100 000,,,,552.0
2013,per 100 000,,,,518.0
2014,per 100 000,,,,480.0
2015,per 100 000,,,,495.0
2016,per 100 000,,,,446.0
2016,per 100 000,Female,,,188.8468468
2016,per 100 000,Male,,,257.15315319999996
