{"Year":[2004,2005,2006,2007,2008,2009,2010,2011,2012,2013,2014,2015,2016,2016,2016],"Units":["per 100 000","per 100 000","per 100 000","per 100 000","per 100 000","per 100 000","per 100 000","per 100 000","per 100 000","per 100 000","per 100 000","per 100 000","per 100 000","per 100 000","per 100 000"],"Disaggregation":[null,null,null,null,null,null,null,null,null,null,null,null,null,"Female","Male"],"Region":[null,null,null,null,null,null,null,null,null,null,null,null,null,null,null],"GeoCode":[null,null,null,null,null,null,null,null,null,null,null,null,null,null,null],"Value":[935.0,918.0,892.0,833.0,798.0,701.0,649.0,610.0,552.0,518.0,480.0,495.0,446.0,188.8468468,257.1531532]}