{"Year":[2006,2007,2008,2009,2010,2011,2012,2013,2014,2015,2016],"Units":["Million USD (constant 2016)","Million USD (constant 2016)","Million USD (constant 2016)","Million USD (constant 2016)","Million USD (constant 2016)","Million USD (constant 2016)","Million USD (constant 2016)","Million USD (constant 2016)","Million USD (constant 2016)","Million USD (constant 2016)","Million USD (constant 2016)"],"Disaggregation":["Total","Total","Total","Total","Total","Total","Total","Total","Total","Total","Total"],"Value":[0.00626,0.31657,0.48969,0.68439,0.40198,0.97338,0.74963,1.2348,1.37341,1.30711,0.51706]}