{"Year":[2004,2005,2006,2006,2007,2007,2008,2008,2009,2009,2010,2010,2011,2011,2012,2012,2013,2013,2014,2014,2015,2015,2016,2016],"Units":["per 100 000","per 100 000","per 100 000","per 100 000","per 100 000","per 100 000","per 100 000","per 100 000","per 100 000","per 100 000","per 100 000","per 100 000","per 100 000","per 100 000","per 100 000","per 100 000","per 100 000","per 100 000","per 100 000","per 100 000","per 100 000","per 100 000","per 100 000","per 100 000"],"Disaggregation":["Commercial Bank Branches","Commercial Bank Branches","Commercial Bank Branches","ATMs","Commercial Bank Branches","ATMs","Commercial Bank Branches","ATMs","Commercial Bank Branches","ATMs","Commercial Bank Branches","ATMs","Commercial Bank Branches","ATMs","Commercial Bank Branches","ATMs","Commercial Bank Branches","ATMs","Commercial Bank Branches","ATMs","Commercial Bank Branches","ATMs","Commercial Bank Branches","ATMs"],"Value":[10.71006,10.70973,11.75025,9.33581,12.42863,9.73708,12.59862,29.47455,12.6644,41.50261,12.70539,49.17733,12.74914,50.48658,12.55714,48.52588,12.56824,52.06841,13.0411,54.6516,13.02764,55.77665,14.6976,64.41384]}