Year,Units,Disaggregation,Value
2013,N$,,6802.0
2013,N$,Total F,6125.0
2013,N$,Total M,7315.0
2013,Ratio,Parity Index,1.194285714
2014,N$,,6626.0
2014,N$,Total F,6164.0
2014,N$,Total M,6965.0
2014,Ratio,Parity Index,1.129948086
2016,N$,,6759.0
2016,N$,Total F,6642.0
2016,N$,Total M,6850.0
2016,Ratio,Parity Index,1.0313158690000002
2018,N$,,7935.0
2018,N$,Total F,7789.0
2018,N$,Total M,8052.0
2018,Ratio,Parity Index,1.033765567
