{"Year":[2013,2013,2013,2013,2014,2014,2014,2014,2016,2016,2016,2016,2018,2018,2018,2018],"Units":["N$","N$","N$","Ratio","N$","N$","N$","Ratio","N$","N$","N$","Ratio","N$","N$","N$","Ratio"],"Total":["Total",null,null,null,"Total",null,null,null,"Total",null,null,null,"Total",null,null,null],"Disaggregation":[null,"Female","Male","Parity Index",null,"Female","Male","Parity Index",null,"Female","Male","Parity Index",null,"Female","Male","Parity Index"],"Value":[6802.0,6125.0,7315.0,1.194285714,6626.0,6164.0,6965.0,1.129948086,6759.0,6642.0,6850.0,1.031315869,7935.0,7789.0,8052.0,1.033765567]}