{"Year":[2004,2005,2006,2007,2008,2009,2010,2011,2012,2013,2014,2015,2016],"Units":["Million Constant USD 2016","Million Constant USD 2016","Million Constant USD 2016","Million Constant USD 2016","Million Constant USD 2016","Million Constant USD 2016","Million Constant USD 2016","Million Constant USD 2016","Million Constant USD 2016","Million Constant USD 2016","Million Constant USD 2016","Million Constant USD 2016","Million Constant USD 2016"],"Total":["Total","Total","Total","Total","Total","Total","Total","Total","Total","Total","Total","Total","Total"],"Value":[46.64731,34.22017,28.28442,29.50562,33.84058,47.53841,37.05667,73.67935,23.50436,19.43077,61.69387,101.34447,246.64485]}