Year,Units,Disaggregation,Value
2013,N$,,6802
2013,N$,Total F,6125
2013,N$,Total M,7315
2013,Ratio,Parity Index,1.194285714
2014,N$,,6626
2014,N$,Total F,6164
2014,N$,Total M,6965
2014,Ratio,Parity Index,1.129948086
2016,N$,,6759
2016,N$,Total F,6642
2016,N$,Total M,6850
2016,Ratio,Parity Index,1.031315869
2018,N$,,7935
2018,N$,Total F,7789
2018,N$,Total M,8052
2018,Ratio,Parity Index,1.033765567
