Year,Units,Disaggregation,Region,GeoCode,Value
2004,score,,,,0.96764
2005,score,,,,0.95241
2006,score,,,,0.96715
2007,score,,,,0.95093
2008,score,,,,0.96696
2009,score,,,,0.94975
2010,score,,,,0.94912
2011,score,,,,0.96656
2012,score,,,,0.96841
2013,score,,,,0.96647
2014,score,,,,0.96903
2015,score,,,,0.96644
2016,score,,,,0.97011
2017,score,,,,0.94551
2018,score,,,,0.97068
