Year,Units,Disaggregation,Region,GeoCode,Value
2004,%,,,,6.70158
2005,%,,,,6.70158
2006,%,,,,6.70158
2007,%,,,,6.70158
2008,%,,,,7.8691
2009,%,,,,7.08091
2010,%,,,,7.45197
2011,%,,,,7.44534
2012,%,,,,7.88363
2013,%,,,,7.28755
2014,%,,,,7.34891
2015,%,,,,7.34891
